flight,TimesFM_pred
66,0.59811527
67,0.6023336
68,0.600537
69,0.6055966
70,0.59433806
71,0.5882857
72,0.5880568
73,0.58929884
74,0.5893021
75,0.586008
76,0.58777326
77,0.5827904
78,0.57739705
79,0.57765526
80,0.57724446
81,0.58061844
