flight,TimesFM_pred
66,0.6227596
67,0.6130928
68,0.6094541
69,0.60770327
70,0.598449
71,0.591291
72,0.5865245
73,0.5874448
74,0.5865712
75,0.5805258
76,0.5824171
77,0.5864124
78,0.5786257
79,0.5776556
80,0.5741577
81,0.5766132
