flight,TimesFM_pred
66,0.3954831
67,0.4315385
68,0.47224823
69,0.5001095
70,0.5161691
71,0.5264059
72,0.53017545
73,0.5532201
74,0.5778526
75,0.6043364
76,0.6153359
77,0.6233639
78,0.6285507
79,0.6197127
80,0.61101973
81,0.61465436
