flight,TimesFM_pred
66,0.6709467
67,0.6599374
68,0.6532511
69,0.6481338
70,0.64218616
71,0.63517535
72,0.6305896
73,0.6330922
74,0.6334602
75,0.6331507
76,0.62985253
77,0.6273042
78,0.6206746
79,0.623061
80,0.6194911
81,0.6246483
