flight,TimesFM_pred
66,0.4785176
67,0.4710514
68,0.463303
69,0.46226546
70,0.46320382
71,0.48549116
72,0.50729
73,0.5316411
74,0.55931383
75,0.5823489
76,0.5929867
77,0.60470754
78,0.6117707
79,0.6115015
80,0.6172747
81,0.6289678
