flight,TimesFM_pred
66,0.71662194
67,0.7073048
68,0.7043548
69,0.6956097
70,0.69233596
71,0.68749875
72,0.6887972
73,0.6886819
74,0.6859872
75,0.68183327
76,0.67920554
77,0.6747599
78,0.6734999
79,0.67360216
80,0.6719215
81,0.6713673
