flight,Chronos_pred
66,0.7119179
67,0.7119179
68,0.7055611
69,0.6992051
70,0.68649226
71,0.6737795
72,0.66106665
73,0.6547099
74,0.6483539
75,0.64199704
76,0.63564104
77,0.62928426
78,0.62292826
79,0.6102154
80,0.60385865
81,0.59750265
