flight,Chronos_pred
66,0.58968234
67,0.5710612
68,0.5648536
69,0.52761054
70,0.5524393
71,0.5400249
72,0.52761054
73,0.5151962
74,0.5089894
75,0.49036747
76,0.4779531
77,0.459332
78,0.4282957
79,0.4282957
80,0.40346697
81,0.39105263
