flight,Chronos_pred
66,0.614511
67,0.614511
68,0.5958899
69,0.5958899
70,0.57726794
71,0.58347553
72,0.6020967
73,0.6269254
74,0.64554733
75,0.6765828
76,0.6827904
77,0.68899715
78,0.72003347
79,0.7324478
80,0.7448622
81,0.75106895
