flight,Chronos_pred
66,0.60830426
67,0.57726794
68,0.5648536
69,0.5524393
70,0.54623246
71,0.52761054
72,0.5214038
73,0.5089894
74,0.49036747
75,0.49036747
76,0.4779531
77,0.47174636
78,0.459332
79,0.44691762
80,0.4282957
81,0.41588134
