flight,Chronos_pred
66,0.5967099
67,0.60279834
68,0.59062064
69,0.5723544
70,0.5784429
71,0.5784429
72,0.5784429
73,0.59062064
74,0.5967099
75,0.59062064
76,0.5967099
77,0.59062064
78,0.59062064
79,0.5967099
80,0.60279834
81,0.6088876
