flight,Chronos_pred
66,0.33380532
67,0.29927376
68,0.29927376
69,0.29927376
70,0.3050294
71,0.29351884
72,0.28200832
73,0.28200832
74,0.2877632
75,0.2877632
76,0.2877632
77,0.2877632
78,0.2877632
79,0.33380532
80,0.32805043
81,0.32805043
