flight,Chronos_pred
66,0.6870566
67,0.67445004
68,0.66184354
69,0.649237
70,0.649237
71,0.649237
72,0.649237
73,0.649237
74,0.65554065
75,0.66184354
76,0.6681472
77,0.67445004
78,0.68075377
79,0.6870566
80,0.69336027
81,0.6996631
