flight,Chronos_pred
66,0.45970538
67,0.43023676
68,0.41844946
69,0.38308755
70,0.35361892
71,0.35361892
72,0.34772566
73,0.3889808
74,0.35951295
75,0.3771935
76,0.35361892
77,0.35951295
78,0.33593836
79,0.41844946
80,0.3771935
81,0.37130025
