flight,TTMs_pred
66,0.7321116355635682
67,0.7382390136310188
68,0.7442480339742196
69,0.7501539922265855
70,0.7531692827154638
71,0.7559491182815972
72,0.7570338289145059
73,0.7609269909295684
74,0.7644931688010188
75,0.7626864026762984
76,0.7651488679594288
77,0.7681192874941923
78,0.7686755932561293
79,0.7698960079527821
80,0.7683801222563924
81,0.7700144785599355
