flight,TTMs_pred
66,0.6942882271737488
67,0.6993795331731237
68,0.7039733411001132
69,0.7105575300584734
70,0.7118875073239638
71,0.713887652635391
72,0.7128813143760814
73,0.7166904583549263
74,0.7198211792407609
75,0.7158686581285342
76,0.7174985611486397
77,0.723161569175396
78,0.72274977724271
79,0.7239751143547146
80,0.720785236109381
81,0.7230630802896741
