flight,TTMs_pred
66,0.5580506582900775
67,0.5780064081345189
68,0.5968769300670721
69,0.6086176815733149
70,0.6210049724159382
71,0.6307925924841571
72,0.6408654739237518
73,0.6498780775085738
74,0.6592806359769552
75,0.6616613323048173
76,0.6686479599576084
77,0.6682605655132058
78,0.6731311324496375
79,0.6755763945182334
80,0.6777079743408145
81,0.6806950253349595
