flight,TTMs_pred
66,0.6171081640530981
67,0.624861606430156
68,0.6344536354170172
69,0.6432975808384715
70,0.646364582574613
71,0.6493687395036742
72,0.6486115176445991
73,0.6542252666354886
74,0.659284797153518
75,0.6558363097329558
76,0.6571370696841664
77,0.6604534135706651
78,0.6599939858565
79,0.6611906834885649
80,0.6585287556573749
81,0.6628720343329413
