flight,TTMs_pred
66,0.6530362733943817
67,0.6612913570498501
68,0.6703210300652198
69,0.6793878697873474
70,0.6830234620949434
71,0.6866221809546803
72,0.6869802655048389
73,0.692078509722402
74,0.6964604459275376
75,0.693443274898873
76,0.6955668243240662
77,0.6994846397350954
78,0.6995482923508218
79,0.7010426625259001
80,0.6982550977803459
81,0.7007862616402434
