flight,TTMs_pred
66,0.5001656621300132
67,0.5379458297697564
68,0.5676774905318465
69,0.5867955617976806
70,0.6024424208006485
71,0.6130096410529388
72,0.6241922398004331
73,0.6327394452320377
74,0.6442821677814025
75,0.6500060938524878
76,0.6588842157920626
77,0.6613437257687722
78,0.6670633453629466
79,0.6674489029616221
80,0.6699822626215948
81,0.673126672980668
