MA,true_cross_idx,true_cross_flight,model,pred_cross_idx,pred_cross_flight,AbsErr_steps,AbsErr_flight,AbsErr_value_at_true_thr,SignedErr_value_at_true_thr
MA50,8,74,Chronos,15.0,81.0,7.0,7.0,0.04835390000000006,0.04835390000000006
MA50,8,74,TimesFM,,,,,0.08598720000000004,0.08598720000000004
MA50,8,74,ARIMA,,,,,0.10157724290251724,0.10157724290251724
MA50,8,74,AR,,,,,0.14393483412366181,0.14393483412366181
MA50,8,74,TTMs,,,,,0.16449316880101883,0.16449316880101883
MA50,8,74,GPR,,,,,0.18816229640993498,0.18816229640993498
