MA,true_cross_idx,true_cross_flight,model,pred_cross_idx,pred_cross_flight,AbsErr_steps,AbsErr_flight,AbsErr_value_at_true_thr,SignedErr_value_at_true_thr
MA10,0,66,TTMs,0,66,0,0,0.04194934170992248,-0.04194934170992248
MA10,0,66,AR,0,66,0,0,0.08404250213209463,-0.08404250213209463
MA10,0,66,GPR,0,66,0,0,0.11679507086582058,-0.11679507086582058
MA10,0,66,ARIMA,0,66,0,0,0.1187555254703625,-0.1187555254703625
MA10,0,66,TimesFM,0,66,0,0,0.12148239999999999,-0.12148239999999999
MA10,0,66,Chronos,0,66,0,0,0.14029461999999998,-0.14029461999999998
