MA,true_cross_idx,true_cross_flight,model,pred_cross_idx,pred_cross_flight,AbsErr_steps,AbsErr_flight,AbsErr_value_at_true_thr,SignedErr_value_at_true_thr
MA30,2,68,ARIMA,3.0,69.0,1.0,1.0,0.0014155048309965057,0.0014155048309965057
MA30,2,68,Chronos,1.0,67.0,1.0,1.0,0.03514640000000002,-0.03514640000000002
MA30,2,68,TimesFM,4.0,70.0,2.0,2.0,0.00945410000000002,0.00945410000000002
MA30,2,68,GPR,,,,,0.04753748237152566,0.04753748237152566
MA30,2,68,AR,,,,,0.06363299961173874,0.06363299961173874
MA30,2,68,TTMs,,,,,0.07032103006521984,0.07032103006521984
