MA,true_cross_idx,true_cross_flight,model,pred_cross_idx,pred_cross_flight,AbsErr_steps,AbsErr_flight,AbsErr_value_at_true_thr,SignedErr_value_at_true_thr
MA40,4,70,TimesFM,,,,,0.04218615999999997,0.04218615999999997
MA40,4,70,ARIMA,,,,,0.048184206485788805,0.048184206485788805
MA40,4,70,Chronos,,,,,0.049236999999999975,0.049236999999999975
MA40,4,70,GPR,,,,,0.07353418724576533,0.07353418724576533
MA40,4,70,AR,,,,,0.08355154049231361,0.08355154049231361
MA40,4,70,TTMs,,,,,0.1118875073239638,0.1118875073239638
