MA,true_cross_idx,true_cross_flight,model,pred_cross_idx,pred_cross_flight,AbsErr_steps,AbsErr_flight,AbsErr_value_at_true_thr,SignedErr_value_at_true_thr
MA05,0,66,TTMs,0,66,0,0,0.09983433786998674,-0.09983433786998674
MA05,0,66,TimesFM,0,66,0,0,0.2045169,-0.2045169
MA05,0,66,GPR,0,66,0,0,0.21632343906365747,-0.21632343906365747
MA05,0,66,AR,0,66,0,0,0.23133342472933677,-0.23133342472933677
MA05,0,66,Chronos,0,66,0,0,0.26619467999999996,-0.26619467999999996
MA05,0,66,ARIMA,0,66,0,0,0.2736725942358192,-0.2736725942358192
