MA,true_cross_idx,true_cross_flight,model,pred_cross_idx,pred_cross_flight,AbsErr_steps,AbsErr_flight,AbsErr_value_at_true_thr,SignedErr_value_at_true_thr
MA20,0,66,TimesFM,0.0,66.0,0.0,0.0,0.0018847300000000011,-0.0018847300000000011
MA20,0,66,Chronos,0.0,66.0,0.0,0.0,0.0032900999999999625,-0.0032900999999999625
MA20,0,66,GPR,0.0,66.0,0.0,0.0,0.004890544357213922,-0.004890544357213922
MA20,0,66,AR,0.0,66.0,0.0,0.0,0.008738460438925344,-0.008738460438925344
MA20,0,66,ARIMA,0.0,66.0,0.0,0.0,0.019897031679319332,-0.019897031679319332
MA20,0,66,TTMs,,,,,0.01710816405309812,0.01710816405309812
