MA,model,MAE,RMSE,sMAPE(%)
MA30,Chronos,0.0315164413286114,0.0374154938748926,6.984728063204512
MA30,ARIMA,0.10241081512328135,0.12576102944075154,20.403437833510864
MA30,TimesFM,0.10550687517093671,0.12657433043835056,20.923384945901034
MA30,AR,0.18688669553524162,0.20481224681262433,33.45579118346074
MA30,TTMs,0.2016087925307209,0.22318521497930263,35.48630763927667
MA30,GPR,0.21772585837104208,0.25424121314513226,37.28364347790147
