model,MAE,RMSE,sMAPE(%)
TTMs,0.028486822748296663,0.03219310500553855,6.1014637332625
Chronos,0.028486822748296663,0.03219310500553855,6.1014637332625
ARIMA,0.083359115728036,0.09984910859275745,17.103237647819693
TimesFM,0.10550687517093671,0.12657433043835056,20.923384945901034
GPR,0.17224170355258442,0.1828047995558931,31.37653879750516
AR,0.1868866955352318,0.20481224681261556,33.45579118345934
