MA,model,MAE,RMSE,sMAPE(%)
MA05,Chronos,0.10853151484625767,0.12921701130781763,48.220744109720684
MA05,ARIMA,0.18860762077159252,0.20457046150107788,68.18527933696114
MA05,TimesFM,0.34956956317260135,0.3594184989910343,95.37058632296964
MA05,AR,0.39053662769383213,0.3996121124890462,101.06358699993983
MA05,TTMs,0.4206276574374083,0.42801068972636724,104.58832397003972
MA05,GPR,0.4915733495543314,0.5102776339467194,110.09433678989744
