MA,model,MAE,RMSE,sMAPE(%)
MA10,Chronos,0.13823811994258844,0.1492482307999583,47.49744401052071
MA10,ARIMA,0.22917528977891355,0.24069029825434007,66.94868875408102
MA10,TimesFM,0.2997063618175884,0.3223718559697176,77.57045454179095
MA10,GPR,0.32780659492209996,0.35484903388623834,81.11649103576003
MA10,AR,0.37311582363926954,0.3906854959120659,88.17705129056779
MA10,TTMs,0.39829502461719063,0.4122819249791107,91.61132011607594
