MA,model,MAE,RMSE,sMAPE(%)
MA50,Chronos,0.05006650936989578,0.05571211228080926,8.284524130006035
MA50,TimesFM,0.08125090374489577,0.09483500813873828,13.041499830649345
MA50,ARIMA,0.09819299130686696,0.1138183154982799,15.467608420060019
MA50,AR,0.1286268281946027,0.1419492240294408,19.651877635222696
MA50,TTMs,0.15224240406943984,0.16850910345320655,22.748557471339847
MA50,GPR,0.20446508971405944,0.23170039316282948,29.025450978958656
