MA,model,MAE,RMSE,sMAPE(%)
MA20,ARIMA,0.210645800605918,0.2356479744007634,47.39163250231416
MA20,TimesFM,0.2194581185425284,0.24017916444539467,48.861734521872734
MA20,Chronos,0.2217555772925284,0.2474473835638576,49.05597173563535
MA20,GPR,0.22526897214911212,0.24768051653259643,49.7272738454637
MA20,AR,0.24103074959017717,0.25893602926049786,52.19824174534213
MA20,TTMs,0.27997294995339117,0.3037134034313319,57.53929910502653
