MA,model,MAE,RMSE,sMAPE(%)
MA40,TimesFM,0.08432584286516087,0.09703263095348973,14.732491091872177
MA40,ARIMA,0.0933154342741666,0.10637551590439898,16.129912157416243
MA40,Chronos,0.11591305599016086,0.1355181332934335,19.482205698886037
MA40,AR,0.1257145152105135,0.1376906792070157,20.975066283681706
MA40,TTMs,0.1621704553580129,0.17607014762915293,26.101479933365056
MA40,GPR,0.1765837582792841,0.2096415938113629,27.661043108882254
