flight,Chronos_pred
1372,0.7205101
1373,0.7010373
1374,0.7529659
1396,0.7270016
1397,0.6815636
1398,0.64261717
