flight,AR,GPR,ARIMA
1372,0.7341741898441956,0.7542069731597572,0.7471929283749228
1373,0.7931451932246111,0.7478423159772154,0.744912802870856
1374,0.8175594665032986,0.7414664887363447,0.7382790153379508
1375,0.8159951191844577,0.7350802159287793,0.7333787633888936
1376,0.8293122541140824,0.7286842228980315,0.727652852253647
1377,0.8344417420859024,0.7222792357021928,0.7222880846812365
