flight,TimesFM_pred
1372,0.7499146
1373,0.7540751
1374,0.7599974
1396,0.76289016
1397,0.7645925
1398,0.76778793
