flight,AR,GPR,ARIMA
1372,0.6862318149666181,0.7373312307199895,0.7410507918060845
1373,0.7503933820331642,0.7306839939817835,0.7385762026643196
1374,0.7448727326883491,0.7240320723541345,0.7319758017697883
1375,0.7236341133806923,0.7173762364412251,0.7265548868738296
1376,0.7308492826905396,0.7107172563522588,0.720808746258774
1377,0.7224627218140003,0.7040559015529673,0.7151507611466797
