flight,ARIMA
1399,0.8181856910403857
1400,0.8159281122590216
1401,0.8126533027996925
1402,0.8097673245216673
1403,0.8066077436881135
1404,0.8035346435820182
1405,0.8003853309941144
1406,0.7972530278681251
1407,0.7940984700966596
1408,0.7909462055271852
1409,0.7877870551415587
1410,0.7846276511150022
1411,0.7814659770294968
1412,0.7783038918614363
1413,0.7751410108859599
1414,0.7719778813089881
