flight,TimesFM_pred
1372,0.749366
1373,0.75323075
1374,0.7585715
1396,0.76076156
1397,0.76150846
1398,0.76452607
