model,MAE,RMSE,sMAPE(%)
GPR,0.016852625605180322,0.019339650752894167,2.2388416692882664
Chronos,0.018103633573624694,0.019985700899747025,2.395713883305393
TTMs,0.018103633573624694,0.019985700899747025,2.395713883305393
ARIMA,0.019400216811226684,0.022149426371575028,2.5804738951537027
TimesFM,0.02049337398230224,0.021798975672676142,2.7108012642279244
AR,0.0658489755372516,0.07202613703626919,8.392216280820271
