flight,TimesFM_pred
1399,0.8203376
1400,0.8200298
1401,0.81887263
1402,0.8175207
1403,0.81657404
1404,0.8157227
1405,0.81598765
1423,0.81638557
1424,0.815166
1425,0.8151858
1426,0.8156239
1427,0.8154787
1428,0.815185
1429,0.81566805
1430,0.8161252
1431,0.8170712
