flight,TTMs_pred
1372,0.7958560388824756
1373,0.806356322948779
1374,0.8160034622961181
1396,0.8224946666099748
1397,0.829125868707725
1398,0.8344339898105844
