flight,Chronos_pred
1399,0.8137047
1400,0.8071422
1401,0.8071422
1402,0.8005805
1403,0.794018
1404,0.794018
1405,0.7874562
1423,0.774332
1424,0.774332
1425,0.76776946
1426,0.774332
1427,0.774332
1428,0.76776946
1429,0.76776946
1430,0.7612077
1431,0.7612077
