model,MAE,RMSE,sMAPE(%)
Chronos,0.19196021183837034,0.20078935409179458,28.3191381322868
AR,0.19297457347844,0.2021066206471549,28.43926832315834
GPR,0.19592784597217783,0.20513222810919357,28.813076770264217
ARIMA,0.2045570705708344,0.21330195868352184,29.881636376508443
TimesFM,0.22569902183837032,0.23274377085130604,32.45758491988895
