flight,TTMs_pred
1372,0.795328263339476
1373,0.8058292529830103
1374,0.8154675183525498
1396,0.8219734618177151
1397,0.8286058504629659
1398,0.8339292664744573
