flight,Chronos_pred
1372,0.75796545
1373,0.73227173
1374,0.7130011
1396,0.7001542
1397,0.706578
1398,0.7001542
