flight,AR,GPR,ARIMA
1372,0.7401455709384306,0.7549062629689649,0.7481171144380414
1373,0.7961951942028951,0.7485615952288098,0.7455247346057043
1374,0.8231771862915351,0.7422057092220462,0.7391918549673189
1375,0.8232981085002674,0.7358393238654544,0.7341868903435657
1376,0.8355530527830577,0.7294631589392084,0.728561512028223
1377,0.8396766556382049,0.7230779349512937,0.723186331556646
