flight,Chronos_pred
1372,0.76594806
1373,0.7724387
1374,0.7464744
1396,0.7594566
1397,0.7594566
1398,0.7594566
