flight,TTMs_pred
1372,0.7871204467060697
1373,0.796553886819263
1374,0.8056756810836088
1396,0.8115932589670736
1397,0.8177842302847224
1398,0.8228606817020115
