flight,TimesFM_pred
1372,0.7468538
1373,0.740958
1374,0.74384785
1396,0.74695766
1397,0.74386084
1398,0.73984575
