flight,Chronos_pred
1372,0.7721996
1373,0.7851777
1374,0.79815584
1396,0.79815584
1397,0.7916672
1398,0.7916672
